Workbook

Sheet Inputs
A1: Table 1. Cost Model Inputs
A2: Category | B2: Input | C2: Value | D2: Unit | E2: Basis | F2: Source
A3: Operating volume | B3: Monthly claims | C3: 8000 | D3: claims/month | E3: Problem A requirement | F3: PE6201 A2 brief, Appendix A
A4: Failure cost | B4: Claims assessor hourly rate | C4: 38 | D4: USD/hour | E4: Problem A requirement | F4: PE6201 A2 brief, Appendix A
A5: Failure cost | B5: Human handling time per failed claim | C5: 12 | D5: minutes | E5: Problem A requirement | F5: PE6201 A2 brief, Appendix A
A6: Failure cost | B6: Failure cost per claim | C6: =C4*C5/60 -> 7.6 | D6: USD/failed claim | E6: Hourly rate × minutes ÷ 60 | F6: Calculated
A7: Variable cost | B7: Tool/retrieval fee | C7: 0 | D7: USD/run | E7: No paid retrieval service in repository | F7: Reference value
A8: Safety cap | B8: Step cap | C8: 8 | D8: turns/run | E8: Matches four D5 live-model files | F8: Group-C GitHub D5 results
A9: Safety cap | B9: Token budget ceiling | C9: 60000 | D9: tokens/run | E9: Configuration limit | F9: Group-C GitHub config.py
A10: Safety cap | B10: Monthly limit per user | C10: 500 | D10: runs/user/month | E10: Operating benchmark | F10: Reference value
A11: Capacity | B11: Users required at full monthly limit | C11: =ROUNDUP(C3/C10,0) -> 16 | D11: users | E11: Monthly claims ÷ user limit | F11: Calculated
A12: Safety | B12: Autonomy mode | C12: confirm | D12: mode | E12: Human approval before irreversible action | F12: Group-C GitHub model configuration
A14: Fixed monthly cost
A15: Category | B15: Input | C15: Value | D15: Unit | E15: Basis | F15: Source
A16: Infrastructure | B16: Storage and log retention | C16: 25 | D16: USD/month | E16: Small deployment | F16: Reference benchmark
A17: Operations | B17: Monitoring and alerting | C17: 50 | D17: USD/month | E17: Basic hosted monitoring allowance | F17: Reference benchmark
A18: Evaluation | B18: Scheduled regression evaluation | C18: 50 | D18: USD/month | E18: Periodic scripted and live checks | F18: Reference benchmark
A19: Maintenance | B19: Maintenance effort | C19: 8 | D19: hours/month | E19: One working day per month | F19: Reference benchmark
A20: Maintenance | B20: Maintenance hourly rate | C20: 38 | D20: USD/hour | E20: Uses assignment assessor rate | F20: Reference value
A21: Maintenance | B21: Maintenance cost | C21: =C19*C20 -> 304 | D21: USD/month | E21: Hours × hourly rate | F21: Calculated
A22: Fixed cost | B22: Total fixed monthly cost | C22: =SUM(C16:C18)+C21 -> 429 | D22: USD/month | E22: Storage + monitoring + evaluation + maintenance | F22: Calculated
A24: Model prices
A25: Model | B25: OpenRouter slug | C25: Input price | D25: Output price | E25: Price checked | F25: Official listing
A26: Gemma 3 27B | B26: google/gemma-3-27b-it | C26: 0.08 | D26: 0.16 | E26: 46284 | F26: https://openrouter.ai/google/gemma-3-27b-it/api
A27: Mistral Medium 3.5 | B27: mistralai/mistral-medium-3-5 | C27: 1.5 | D27: 7.5 | E27: 46284 | F27: https://openrouter.ai/mistralai/mistral-medium-3-5/providers
A28: GPT-4o-mini | B28: openai/gpt-4o-mini | C28: 0.15 | D28: 0.6 | E28: 46284 | F28: https://openrouter.ai/openai/gpt-4o-mini/overview
A29: Qwen3.8 Flash | B29: qwen/qwen3.8-flash | C29: 0.15 | D29: 0.47 | E29: 46284 | F29: https://openrouter.ai/qwen/qwen3.8-flash
A31: Sequential versus parallel comparison
A32: Metric | B32: Sequential | C32: Parallel | D32: Change | E32: Unit | F32: Source status
A33: Trials | B33: 33 | C33: 33 | D33: =C33-B33 -> 0 | E33: trials | F33: Prior Agent Loop package; not final 58-trial D5 run
A34: Median turns | B34: 5 | C34: 3 | D34: =(C34-B34)/B34 -> -0.4 | E34: turns/run | F34: 33-trial Agent Loop comparison
A35: Worst turns | B35: 9 | C35: 5 | D35: =(C35-B35)/B35 -> -0.44444444 | E35: turns/run | F35: 33-trial Agent Loop comparison
A36: Total input tokens | B36: 550849 | C36: 337806 | D36: =(C36-B36)/B36 -> -0.3867539 | E36: tokens | F36: 33-trial Agent Loop comparison
A37: Total recorded cost | B37: 0.0653 | C37: 0.0402 | D37: =(C37-B37)/B37 -> -0.38437979 | E37: USD/33 trials | F37: 33-trial Agent Loop comparison
E38: I

Sheet Model Results
A1: Table 2. Model Test Results and Token Usage
A2: Model | B2: Model slug | C2: Trials | D2: Passed | E2: Code-check pass rate | F2: Median turns | G2: Total turns | H2: Total input tokens | I2: Total output tokens | J2: Average input/run | K2: Average output/run | L2: Recorded cost (generic) | M2: Judge all-criteria passes | N2: Judge diagnostic rate | O2: Missing judge verdict rows | Q2: GitHub source
A3: Gemma 3 27B | B3: google/gemma-3-27b-it | C3: 58 | D3: 34 | E3: =D3/C3 -> 0.5862069 | F3: 3 | G3: 180 | H3: 477579 | I3: 22615 | J3: =H3/C3 -> 8234.1207 | K3: =I3/C3 -> 389.91379 | L3: 0.056806 | M3: 12 | N3: =M3/38 -> 0.31578947 | O3: 0 | Q3: https://github.com/ziyi-lily/Group-C/blob/main/PE6201/results/D5-Gemma%203%2027B_AfterJudge.json
A4: Mistral Medium 3.5 | B4: mistralai/mistral-medium-3-5 | C4: 58 | D4: 31 | E4: =D4/C4 -> 0.53448276 | F4: 3 | G4: 174 | H4: 435564 | I4: 26418 | J4: =H4/C4 -> 7509.7241 | K4: =I4/C4 -> 455.48276 | L4: 0.054121 | M4: 15 | N4: =M4/38 -> 0.39473684 | O4: 0 | Q4: https://github.com/ziyi-lily/Group-C/blob/main/PE6201/results/D5-Mistral%20Medium3.5_AfterJudge.json
A5: GPT-4o-mini | B5: openai/gpt-4o-mini | C5: 58 | D5: 34 | E5: =D5/C5 -> 0.5862069 | F5: 3 | G5: 198 | H5: 450150 | I5: 11997 | J5: =H5/C5 -> 7761.2069 | K5: =I5/C5 -> 206.84483 | L5: 0.049816 | M5: 17 | N5: =M5/38 -> 0.44736842 | O5: 2 | Q5: https://github.com/ziyi-lily/Group-C/blob/main/PE6201/results/D5-gpt-4o-mini_AfterJudge.json
A6: Qwen3.8 Flash | B6: qwen/qwen3.8-flash | C6: 58 | D6: 29 | E6: =D6/C6 -> 0.5 | F6: 3 | G6: 190 | H6: 499950 | I6: 115822 | J6: =H6/C6 -> 8619.8276 | K6: =I6/C6 -> 1996.931 | L6: 0.096321 | M6: 26 | N6: =M6/38 -> 0.68421053 | O6: 0 | Q6: https://github.com/ziyi-lily/Group-C/blob/main/PE6201/results/D5-qwen3.8-flash_AfterJudge.json
A7: Success measure | B7: The calculation uses code-check passes from 58 trials per model. This measure is available for all four models.
A8: Judge results | B8: The Judge results cover 38 cases and provide a separate quality check. They are not used to calculate fallback cost.
A9: Cost basis | B9: The JSON cost field uses generic rates of $0.10/M input and $0.40/M output tokens. Table 3 uses each model's prices from Table 1.

Sheet Cost Model
A2: Table 3. Three-layer Cost Model
A4: Model | B4: Success rate | C4: Avg input tokens | D4: Avg output tokens | E4: Input price/M | F4: Output price/M | G4: Input cost | H4: Output cost | I4: Tool fee | J4: Layer 1 variable | K4: Layer 2 fallback | L4: Layer 3 fixed allocation | M4: Total cost/claim | N4: API cost/successful automated task | O4: Monthly API | P4: Monthly fallback | Q4: Monthly fixed | R4: Monthly total
A5: ='[1]Model Results'!A5 -> Gemma 3 27B | B5: ='[1]Model Results'!E5 -> 0.5862069 | C5: ='[1]Model Results'!J5 -> 8234.1207 | D5: ='[1]Model Results'!K5 -> 389.91379 | E5: =[1]Inputs!C28 -> 0.08 | F5: =[1]Inputs!D28 -> 0.16 | G5: =C5*E5/1000000 -> 0.00065872966 | H5: =D5*F5/1000000 -> 6.2386207e-05 | I5: =[1]Inputs!C9 -> 0 | J5: =SUM(G5:I5) -> 0.00072111586 | K5: =(1-B5)*[1]Inputs!C8 -> 3.1448276 | L5: =[1]Inputs!C24/[1]Inputs!C5 -> 0.053625 | M5: =SUM(J5:L5) -> 3.1991737 | N5: =J5/B5 -> 0.0012301388 | O5: =J5*[1]Inputs!C5 -> 5.7689269 | P5: =K5*[1]Inputs!C5 -> 25158.621 | Q5: =[1]Inputs!C24 -> 429 | R5: =SUM(O5:Q5) -> 25593.39
A6: ='[1]Model Results'!A6 -> Mistral Medium 3.5 | B6: ='[1]Model Results'!E6 -> 0.53448276 | C6: ='[1]Model Results'!J6 -> 7509.7241 | D6: ='[1]Model Results'!K6 -> 455.48276 | E6: =[1]Inputs!C29 -> 1.5 | F6: =[1]Inputs!D29 -> 7.5 | G6: =C6*E6/1000000 -> 0.011264586 | H6: =D6*F6/1000000 -> 0.0034161207 | I6: =[1]Inputs!C9 -> 0 | J6: =SUM(G6:I6) -> 0.014680707 | K6: =(1-B6)*[1]Inputs!C8 -> 3.537931 | L6: =[1]Inputs!C24/[1]Inputs!C5 -> 0.053625 | M6: =SUM(J6:L6) -> 3.6062367 | N6: =J6/B6 -> 0.027467129 | O6: =J6*[1]Inputs!C5 -> 117.44566 | P6: =K6*[1]Inputs!C5 -> 28303.448 | Q6: =[1]Inputs!C24 -> 429 | R6: =SUM(O6:Q6) -> 28849.894
A7: ='[1]Model Results'!A7 -> GPT-4o-mini | B7: ='[1]Model Results'!E7 -> 0.5862069 | C7: ='[1]Model Results'!J7 -> 7761.2069 | D7: ='[1]Model Results'!K7 -> 206.84483 | E7: =[1]Inputs!C30 -> 0.15 | F7: =[1]Inputs!D30 -> 0.6 | G7: =C7*E7/1000000 -> 0.001164181 | H7: =D7*F7/1000000 -> 0.0001241069 | I7: =[1]Inputs!C9 -> 0 | J7: =SUM(G7:I7) -> 0.0012882879 | K7: =(1-B7)*[1]Inputs!C8 -> 3.1448276 | L7: =[1]Inputs!C24/[1]Inputs!C5 -> 0.053625 | M7: =SUM(J7:L7) -> 3.1997409 | N7: =J7/B7 -> 0.0021976676 | O7: =J7*[1]Inputs!C5 -> 10.306303 | P7: =K7*[1]Inputs!C5 -> 25158.621 | Q7: =[1]Inputs!C24 -> 429 | R7: =SUM(O7:Q7) -> 25597.927
A8: ='[1]Model Results'!A8 -> Qwen3.8 Flash | B8: ='[1]Model Results'!E8 -> 0.5 | C8: ='[1]Model Results'!J8 -> 8619.8276 | D8: ='[1]Model Results'!K8 -> 1996.931 | E8: =[1]Inputs!C31 -> 0.15 | F8: =[1]Inputs!D31 -> 0.47 | G8: =C8*E8/1000000 -> 0.0012929741 | H8: =D8*F8/1000000 -> 0.00093855759 | I8: =[1]Inputs!C9 -> 0 | J8: =SUM(G8:I8) -> 0.0022315317 | K8: =(1-B8)*[1]Inputs!C8 -> 3.8 | L8: =[1]Inputs!C24/[1]Inputs!C5 -> 0.053625 | M8: =SUM(J8:L8) -> 3.8558565 | N8: =J8/B8 -> 0.0044630634 | O8: =J8*[1]Inputs!C5 -> 17.852254 | P8: =K8*[1]Inputs!C5 -> 30400 | Q8: =[1]Inputs!C24 -> 429 | R8: =SUM(O8:Q8) -> 30846.852
A10: Layer 1 | B10: Measured average input/output tokens × model token prices + tool fee.
A11: Layer 2 | B11: Expected fallback cost = (1 − measured code-check success rate) × $7.60.
A12: Layer 3 | B12: Fixed monthly costs are allocated across 8,000 claims. Monthly fixed cost is counted once in the total.

Sheet Sensitivity
A2: Table 4. Success-rate Sensitivity Analysis
A4: Model | B4: Scenario | C4: Change | D4: Base success rate | E4: Scenario success rate | F4: Layer 1/claim | G4: Fallback/claim | H4: Fixed/claim | I4: Total/claim | J4: Monthly total
A5: ='Cost Model'!A5 -> Gemma 3 27B | B5: Downside 10pp | C5: -0.1 | D5: ='Cost Model'!B5 -> 0.5862069 | E5: =MAX(0,MIN(1,D5+C5)) -> 0.4862069 | F5: ='Cost Model'!J5 -> 0.00072111586 | G5: =(1-E5)*[1]Inputs!C8 -> 3.9048276 | H5: ='Cost Model'!L5 -> 0.053625 | I5: =SUM(F5:H5) -> 3.9591737 | J5: =I5*[1]Inputs!C5 -> 31673.39
A6: ='Cost Model'!A5 -> Gemma 3 27B | B6: Downside 5pp | C6: -0.05 | D6: ='Cost Model'!B5 -> 0.5862069 | E6: =MAX(0,MIN(1,D6+C6)) -> 0.5362069 | F6: ='Cost Model'!J5 -> 0.00072111586 | G6: =(1-E6)*[1]Inputs!C8 -> 3.5248276 | H6: ='Cost Model'!L5 -> 0.053625 | I6: =SUM(F6:H6) -> 3.5791737 | J6: =I6*[1]Inputs!C5 -> 28633.39
A7: ='Cost Model'!A5 -> Gemma 3 27B | B7: Base | C7: 0 | D7: ='Cost Model'!B5 -> 0.5862069 | E7: =MAX(0,MIN(1,D7+C7)) -> 0.5862069 | F7: ='Cost Model'!J5 -> 0.00072111586 | G7: =(1-E7)*[1]Inputs!C8 -> 3.1448276 | H7: ='Cost Model'!L5 -> 0.053625 | I7: =SUM(F7:H7) -> 3.1991737 | J7: =I7*[1]Inputs!C5 -> 25593.39
A8: ='Cost Model'!A5 -> Gemma 3 27B | B8: Upside 5pp | C8: 0.05 | D8: ='Cost Model'!B5 -> 0.5862069 | E8: =MAX(0,MIN(1,D8+C8)) -> 0.6362069 | F8: ='Cost Model'!J5 -> 0.00072111586 | G8: =(1-E8)*[1]Inputs!C8 -> 2.7648276 | H8: ='Cost Model'!L5 -> 0.053625 | I8: =SUM(F8:H8) -> 2.8191737 | J8: =I8*[1]Inputs!C5 -> 22553.39
A9: ='Cost Model'!A5 -> Gemma 3 27B | B9: Upside 10pp | C9: 0.1 | D9: ='Cost Model'!B5 -> 0.5862069 | E9: =MAX(0,MIN(1,D9+C9)) -> 0.6862069 | F9: ='Cost Model'!J5 -> 0.00072111586 | G9: =(1-E9)*[1]Inputs!C8 -> 2.3848276 | H9: ='Cost Model'!L5 -> 0.053625 | I9: =SUM(F9:H9) -> 2.4391737 | J9: =I9*[1]Inputs!C5 -> 19513.39
A10: ='Cost Model'!A6 -> Mistral Medium 3.5 | B10: Downside 10pp | C10: -0.1 | D10: ='Cost Model'!B6 -> 0.53448276 | E10: =MAX(0,MIN(1,D10+C10)) -> 0.43448276 | F10: ='Cost Model'!J6 -> 0.014680707 | G10: =(1-E10)*[1]Inputs!C8 -> 4.297931 | H10: ='Cost Model'!L6 -> 0.053625 | I10: =SUM(F10:H10) -> 4.3662367 | J10: =I10*[1]Inputs!C5 -> 34929.894
A11: ='Cost Model'!A6 -> Mistral Medium 3.5 | B11: Downside 5pp | C11: -0.05 | D11: ='Cost Model'!B6 -> 0.53448276 | E11: =MAX(0,MIN(1,D11+C11)) -> 0.48448276 | F11: ='Cost Model'!J6 -> 0.014680707 | G11: =(1-E11)*[1]Inputs!C8 -> 3.917931 | H11: ='Cost Model'!L6 -> 0.053625 | I11: =SUM(F11:H11) -> 3.9862367 | J11: =I11*[1]Inputs!C5 -> 31889.894
A12: ='Cost Model'!A6 -> Mistral Medium 3.5 | B12: Base | C12: 0 | D12: ='Cost Model'!B6 -> 0.53448276 | E12: =MAX(0,MIN(1,D12+C12)) -> 0.53448276 | F12: ='Cost Model'!J6 -> 0.014680707 | G12: =(1-E12)*[1]Inputs!C8 -> 3.537931 | H12: ='Cost Model'!L6 -> 0.053625 | I12: =SUM(F12:H12) -> 3.6062367 | J12: =I12*[1]Inputs!C5 -> 28849.894
A13: ='Cost Model'!A6 -> Mistral Medium 3.5 | B13: Upside 5pp | C13: 0.05 | D13: ='Cost Model'!B6 -> 0.53448276 | E13: =MAX(0,MIN(1,D13+C13)) -> 0.58448276 | F13: ='Cost Model'!J6 -> 0.014680707 | G13: =(1-E13)*[1]Inputs!C8 -> 3.157931 | H13: ='Cost Model'!L6 -> 0.053625 | I13: =SUM(F13:H13) -> 3.2262367 | J13: =I13*[1]Inputs!C5 -> 25809.894
A14: ='Cost Model'!A6 -> Mistral Medium 3.5 | B14: Upside 10pp | C14: 0.1 | D14: ='Cost Model'!B6 -> 0.53448276 | E14: =MAX(0,MIN(1,D14+C14)) -> 0.63448276 | F14: ='Cost Model'!J6 -> 0.014680707 | G14: =(1-E14)*[1]Inputs!C8 -> 2.777931 | H14: ='Cost Model'!L6 -> 0.053625 | I14: =SUM(F14:H14) -> 2.8462367 | J14: =I14*[1]Inputs!C5 -> 22769.894
A15: ='Cost Model'!A7 -> GPT-4o-mini | B15: Downside 10pp | C15: -0.1 | D15: ='Cost Model'!B7 -> 0.5862069 | E15: =MAX(0,MIN(1,D15+C15)) -> 0.4862069 | F15: ='Cost Model'!J7 -> 0.0012882879 | G15: =(1-E15)*[1]Inputs!C8 -> 3.9048276 | H15: ='Cost Model'!L7 -> 0.053625 | I15: =SUM(F15:H15) -> 3.9597409 | J15: =I15*[1]Inputs!C5 -> 31677.927
A16: ='Cost Model'!A7 -> GPT-4o-mini | B16: Downside 5pp | C16: -0.05 | D16: ='Cost Model'!B7 -> 0.5862069 | E16: =MAX(0,MIN(1,D16+C16)) -> 0.5362069 | F16: ='Cost Model'!J7 -> 0.0012882879 | G16: =(1-E16)*[1]Inputs!C8 -> 3.5248276 | H16: ='Cost Model'!L7 -> 0.053625 | I16: =SUM(F16:H16) -> 3.5797409 | J16: =I16*[1]Inputs!C5 -> 28637.927
A17: ='Cost Model'!A7 -> GPT-4o-mini | B17: Base | C17: 0 | D17: ='Cost Model'!B7 -> 0.5862069 | E17: =MAX(0,MIN(1,D17+C17)) -> 0.5862069 | F17: ='Cost Model'!J7 -> 0.0012882879 | G17: =(1-E17)*[1]Inputs!C8 -> 3.1448276 | H17: ='Cost Model'!L7 -> 0.053625 | I17: =SUM(F17:H17) -> 3.1997409 | J17: =I17*[1]Inputs!C5 -> 25597.927
A18: ='Cost Model'!A7 -> GPT-4o-mini | B18: Upside 5pp | C18: 0.05 | D18: ='Cost Model'!B7 -> 0.5862069 | E18: =MAX(0,MIN(1,D18+C18)) -> 0.6362069 | F18: ='Cost Model'!J7 -> 0.0012882879 | G18: =(1-E18)*[1]Inputs!C8 -> 2.7648276 | H18: ='Cost Model'!L7 -> 0.053625 | I18: =SUM(F18:H18) -> 2.8197409 | J18: =I18*[1]Inputs!C5 -> 22557.927
A19: ='Cost Model'!A7 -> GPT-4o-mini | B19: Upside 10pp | C19: 0.1 | D19: ='Cost Model'!B7 -> 0.5862069 | E19: =MAX(0,MIN(1,D19+C19)) -> 0.6862069 | F19: ='Cost Model'!J7 -> 0.0012882879 | G19: =(1-E19)*[1]Inputs!C8 -> 2.3848276 | H19: ='Cost Model'!L7 -> 0.053625 | I19: =SUM(F19:H19) -> 2.4397409 | J19: =I19*[1]Inputs!C5 -> 19517.927
A20: ='Cost Model'!A8 -> Qwen3.8 Flash | B20: Downside 10pp | C20: -0.1 | D20: ='Cost Model'!B8 -> 0.5 | E20: =MAX(0,MIN(1,D20+C20)) -> 0.4 | F20: ='Cost Model'!J8 -> 0.0022315317 | G20: =(1-E20)*[1]Inputs!C8 -> 4.56 | H20: ='Cost Model'!L8 -> 0.053625 | I20: =SUM(F20:H20) -> 4.6158565 | J20: =I20*[1]Inputs!C5 -> 36926.852
A21: ='Cost Model'!A8 -> Qwen3.8 Flash | B21: Downside 5pp | C21: -0.05 | D21: ='Cost Model'!B8 -> 0.5 | E21: =MAX(0,MIN(1,D21+C21)) -> 0.45 | F21: ='Cost Model'!J8 -> 0.0022315317 | G21: =(1-E21)*[1]Inputs!C8 -> 4.18 | H21: ='Cost Model'!L8 -> 0.053625 | I21: =SUM(F21:H21) -> 4.2358565 | J21: =I21*[1]Inputs!C5 -> 33886.852
A22: ='Cost Model'!A8 -> Qwen3.8 Flash | B22: Base | C22: 0 | D22: ='Cost Model'!B8 -> 0.5 | E22: =MAX(0,MIN(1,D22+C22)) -> 0.5 | F22: ='Cost Model'!J8 -> 0.0022315317 | G22: =(1-E22)*[1]Inputs!C8 -> 3.8 | H22: ='Cost Model'!L8 -> 0.053625 | I22: =SUM(F22:H22) -> 3.8558565 | J22: =I22*[1]Inputs!C5 -> 30846.852
A23: ='Cost Model'!A8 -> Qwen3.8 Flash | B23: Upside 5pp | C23: 0.05 | D23: ='Cost Model'!B8 -> 0.5 | E23: =MAX(0,MIN(1,D23+C23)) -> 0.55 | F23: ='Cost Model'!J8 -> 0.0022315317 | G23: =(1-E23)*[1]Inputs!C8 -> 3.42 | H23: ='Cost Model'!L8 -> 0.053625 | I23: =SUM(F23:H23) -> 3.4758565 | J23: =I23*[1]Inputs!C5 -> 27806.852
A24: ='Cost Model'!A8 -> Qwen3.8 Flash | B24: Upside 10pp | C24: 0.1 | D24: ='Cost Model'!B8 -> 0.5 | E24: =MAX(0,MIN(1,D24+C24)) -> 0.6 | F24: ='Cost Model'!J8 -> 0.0022315317 | G24: =(1-E24)*[1]Inputs!C8 -> 3.04 | H24: ='Cost Model'!L8 -> 0.053625 | I24: =SUM(F24:H24) -> 3.0958565 | J24: =I24*[1]Inputs!C5 -> 24766.852
A26: Sensitivity rule | B26: Each 1 percentage-point increase in success rate reduces expected monthly fallback cost by $608 at 8,000 claims and $7.60 per failure.
A27: Interpretation | B27: The scenario changes success rate only. Token usage, model prices and fixed monthly costs remain unchanged.
A28: Range | B28: Success rates are capped between 0% and 100%.

Sheet Break-even
A2: Table 5. Model Break-even Analysis
A3: Cheap model | B3: Alternative model | C3: Cheap run cost C | D3: Alternative run cost E | E3: Cost premium E−C | F3: Failure cost F | G3: Required success improvement | H3: Assignment break-even rate | I3: Cheap measured success | J3: Alternative measured success | K3: Observed success change
A4: ='Cost Model'!A5 -> Gemma 3 27B | B4: ='Cost Model'!A6 -> Mistral Medium 3.5 | C4: ='Cost Model'!J5 -> 0.00072111586 | D4: ='Cost Model'!J6 -> 0.014680707 | E4: =D4-C4 -> 0.013959591 | F4: =[1]Inputs!C8 -> 7.6 | G4: =E4/F4 -> 0.0018367883 | H4: =1-G4 -> 0.99816321 | I4: ='Cost Model'!B5 -> 0.5862069 | J4: ='Cost Model'!B6 -> 0.53448276 | K4: =J4-I4 -> -0.051724138
A5: ='Cost Model'!A5 -> Gemma 3 27B | B5: ='Cost Model'!A7 -> GPT-4o-mini | C5: ='Cost Model'!J5 -> 0.00072111586 | D5: ='Cost Model'!J7 -> 0.0012882879 | E5: =D5-C5 -> 0.00056717207 | F5: =[1]Inputs!C8 -> 7.6 | G5: =E5/F5 -> 7.4627904e-05 | H5: =1-G5 -> 0.99992537 | I5: ='Cost Model'!B5 -> 0.5862069 | J5: ='Cost Model'!B7 -> 0.5862069 | K5: =J5-I5 -> 0
A6: ='Cost Model'!A5 -> Gemma 3 27B | B6: ='Cost Model'!A8 -> Qwen3.8 Flash | C6: ='Cost Model'!J5 -> 0.00072111586 | D6: ='Cost Model'!J8 -> 0.0022315317 | E6: =D6-C6 -> 0.0015104159 | F6: =[1]Inputs!C8 -> 7.6 | G6: =E6/F6 -> 0.00019873893 | H6: =1-G6 -> 0.99980126 | I6: ='Cost Model'!B5 -> 0.5862069 | J6: ='Cost Model'!B8 -> 0.5 | K6: =J6-I6 -> -0.086206897
A8: Formula | B8: Assignment break-even rate = 1 − (E − C) ÷ F. Required success improvement = (E − C) ÷ F.
A9: Decision test | B9: The alternative must improve measured success by at least the required improvement and must not reduce success.
A10: Price basis | B10: Run costs use the model prices in Table 1, not the generic source-JSON cost field.

Sheet Cost Levers
A2: Table 6. Four Cost Levers
A4: Cost lever | B4: Metric | C4: Before | D4: After | E4: Absolute change | F4: Relative change | G4: Unit | H4: Estimated monthly implication | I4: Interpretation | J4: Evidence status | L4: Primary evidence
A5: Tool block size | B5: Prompt-prefix size | C5: 2981 | D5: 3134 | E5: =D5-C5 -> 153 | F5: =IF(C5=0,"n.a.",E5/C5) -> 0.051325059 | G5: approx. tokens/turn | H5: Model-dependent added cost | I5: V2 uses more tokens to make the tool instructions clearer. | J5: GitHub D2b controlled rewrite | L5: https://github.com/ziyi-lily/Group-C/blob/main/PE6201/docs/D2b_TOOL_DESCRIPTORS.md
A6: Turn count | B6: Median turns | C6: 5 | D6: 3 | E6: =D6-C6 -> -2 | F6: =IF(C6=0,"n.a.",E6/C6) -> -0.4 | G6: turns/run | H6: See cost comparison below | I6: Parallel calls send the conversation history fewer times. | J6: 33-trial Agent Loop comparison | L6: https://github.com/ziyi-lily/Group-C/tree/main/PE6201/results
A7: Turn count | B7: Total input tokens | C7: 550849 | D7: 337806 | E7: =D7-C7 -> -213043 | F7: =IF(C7=0,"n.a.",E7/C7) -> -0.3867539 | G7: tokens/33 trials | H7: See cost comparison below | I7: Lower input-token usage accounts for most of the API saving. | J7: 33-trial Agent Loop comparison | L7: Prior Agent Loop package supplied by the group
A8: Turn count | B8: Recorded model cost | C8: 0.0653 | D8: 0.0402 | E8: =D8-C8 -> -0.0251 | F8: =IF(C8=0,"n.a.",E8/C8) -> -0.38437979 | G8: USD/33 trials | H8: =-(D8-C8)/33*[1]Inputs!C5 -> 6.0848485 | I8: The monthly estimate assumes the same mix of tasks. | J8: 33-trial Agent Loop comparison
A9: Observation size | B9: Mean preauthorisation return | C9: 41.86 | D9: 60.71 | E9: =D9-C9 -> 18.85 | F9: =IF(C9=0,"n.a.",E9/C9) -> 0.45031056 | G9: tokens/call | H9: Small added observation cost | I9: V2 returns more text to include expired preauthorisation details. | J9: GitHub D2b token measurement
A10: Success rate | B10: Live mixed pass rate | C10: 0.086206897 | D10: 0.12068966 | E10: =D10-C10 -> 0.034482759 | F10: =IF(C10=0,"n.a.",E10/C10) -> 0.4 | G10: rate | H10: =(D10-C10)*[1]Inputs!C8*[1]Inputs!C5 -> 2096.5517 | I10: This V1/V2 test uses one model. It is separate from the D5 results. | J10: GitHub D2b live controlled comparison
A11: Success rate | B11: Observed D5 model range | C11: 0.5 | D11: 0.5862069 | E11: =D11-C11 -> 0.086206897 | F11: =IF(C11=0,"n.a.",E11/C11) -> 0.17241379 | G11: rate | H11: =(D11-C11)*[1]Inputs!C8*[1]Inputs!C5 -> 5241.3793 | I11: Estimated fallback saving between the lowest and highest D5 pass rates. | J11: Four D5 model files
A13: Overlap | B13: The tool-block and observation changes are part of the same V1-to-V2 rewrite. Their effects should not be added as separate savings.
A14: Comparison scope | B14: Sequential-versus-parallel figures use the 33-trial Agent Loop comparison.
A15: Success rate | B15: At 8,000 claims per month, a one-point increase in success rate saves $608 in expected fallback cost.
